{"v":"5.1.5","fr":29.9700012207031,"ip":0,"op":42.0000017106951,"w":32,"h":32,"nm":"System-states-Sin conexiÃÂ³n","ddd":0,"assets":[],"layers":[{"ddd":0,"ind":3,"ty":4,"nm":"! contornos","sr":1,"ks":{"o":{"a":0,"k":100,"ix":11},"r":{"a":0,"k":0,"ix":10},"p":{"a":0,"k":[16,16,0],"ix":2},"a":{"a":0,"k":[8.25,8.25,0],"ix":1},"s":{"a":1,"k":[{"i":{"x":[0.847,0.847,0.667],"y":[1,1,1]},"o":{"x":[1,1,0.333],"y":[0,0,0]},"n":["0p847_1_1_0","0p847_1_1_0","0p667_1_0p333_0"],"t":0,"s":[100,100,100],"e":[130,130,100]},{"i":{"x":[0,0,0.667],"y":[1,1,1]},"o":{"x":[0.127,0.127,0.333],"y":[0,0,0]},"n":["0_1_0p127_0","0_1_0p127_0","0p667_1_0p333_0"],"t":21,"s":[130,130,100],"e":[100,100,100]},{"t":42.0000017106951}],"ix":6}},"ao":0,"shapes":[{"ty":"gr","it":[{"ind":0,"ty":"sh","ix":1,"ks":{"a":0,"k":{"i":[[0.442,0],[0,-0.443],[-0.442,0],[0,0.441]],"o":[[-0.442,0],[0,0.441],[0.442,0],[0,-0.443]],"v":[[0,-0.8],[-0.8,0],[0,0.8],[0.8,0]],"c":true},"ix":2},"nm":"Trazado 1","mn":"ADBE Vector Shape - Group","hd":false},{"ty":"fl","c":{"a":0,"k":[1,1,1,1],"ix":4},"o":{"a":0,"k":100,"ix":5},"r":1,"nm":"Relleno 1","mn":"ADBE Vector Graphic - Fill","hd":false},{"ty":"tr","p":{"a":0,"k":[8.25,12.25],"ix":2},"a":{"a":0,"k":[0,0],"ix":1},"s":{"a":0,"k":[100,100],"ix":3},"r":{"a":0,"k":0,"ix":6},"o":{"a":0,"k":100,"ix":7},"sk":{"a":0,"k":0,"ix":4},"sa":{"a":0,"k":0,"ix":5},"nm":"Transformar"}],"nm":"Grupo 1","np":2,"cix":2,"ix":1,"mn":"ADBE Vector Group","hd":false},{"ty":"gr","it":[{"ind":0,"ty":"sh","ix":1,"ks":{"a":0,"k":{"i":[[-0.221,0],[0,0.221],[0,0],[0.221,0],[0,-0.221],[0,0]],"o":[[0.221,0],[0,0],[0,-0.221],[-0.221,0],[0,0],[0,0.221]],"v":[[0,2.544],[0.4,2.144],[0.4,-2.144],[0,-2.544],[-0.4,-2.144],[-0.4,2.144]],"c":true},"ix":2},"nm":"Trazado 1","mn":"ADBE Vector Shape - Group","hd":false},{"ty":"fl","c":{"a":0,"k":[1,1,1,1],"ix":4},"o":{"a":0,"k":100,"ix":5},"r":1,"nm":"Relleno 1","mn":"ADBE Vector Graphic - Fill","hd":false},{"ty":"tr","p":{"a":0,"k":[8.25,7.194],"ix":2},"a":{"a":0,"k":[0,0],"ix":1},"s":{"a":0,"k":[100,100],"ix":3},"r":{"a":0,"k":0,"ix":6},"o":{"a":0,"k":100,"ix":7},"sk":{"a":0,"k":0,"ix":4},"sa":{"a":0,"k":0,"ix":5},"nm":"Transformar"}],"nm":"Grupo 2","np":2,"cix":2,"ix":2,"mn":"ADBE Vector Group","hd":false},{"ty":"gr","it":[{"ind":0,"ty":"sh","ix":1,"ks":{"a":0,"k":{"i":[[0,-4.416],[-4.416,0],[0,4.416],[4.416,0]],"o":[[0,4.416],[4.416,0],[0,-4.416],[-4.416,0]],"v":[[-8,0],[0,8],[8,0],[0,-8]],"c":true},"ix":2},"nm":"Trazado 1","mn":"ADBE Vector Shape - Group","hd":false},{"ty":"fl","c":{"a":0,"k":[0.987999949736,0.172999991623,0.340999977261,1],"ix":4},"o":{"a":0,"k":100,"ix":5},"r":1,"nm":"Relleno 1","mn":"ADBE Vector Graphic - Fill","hd":false},{"ty":"tr","p":{"a":0,"k":[8.25,8.25],"ix":2},"a":{"a":0,"k":[0,0],"ix":1},"s":{"a":0,"k":[100,100],"ix":3},"r":{"a":0,"k":0,"ix":6},"o":{"a":0,"k":100,"ix":7},"sk":{"a":0,"k":0,"ix":4},"sa":{"a":0,"k":0,"ix":5},"nm":"Transformar"}],"nm":"Grupo 3","np":2,"cix":2,"ix":3,"mn":"ADBE Vector Group","hd":false}],"ip":0,"op":3597.00014650881,"st":0,"bm":0},{"ddd":0,"ind":5,"ty":4,"nm":"Sombra contornos","sr":1,"ks":{"o":{"a":1,"k":[{"i":{"x":[0.833],"y":[0.833]},"o":{"x":[0.167],"y":[0.167]},"n":["0p833_0p833_0p167_0p167"],"t":8.4,"s":[100],"e":[0]},{"t":23.8000009693939}],"ix":11},"r":{"a":0,"k":0,"ix":10},"p":{"a":0,"k":[16,16,0],"ix":2},"a":{"a":0,"k":[8.25,8.25,0],"ix":1},"s":{"a":1,"k":[{"i":{"x":[0.847,0.847,0.667],"y":[1,1,1]},"o":{"x":[1,1,0.333],"y":[0,0,0]},"n":["0p847_1_1_0","0p847_1_1_0","0p667_1_0p333_0"],"t":0,"s":[100,100,100],"e":[180,180,100]},{"i":{"x":[0,0,0.667],"y":[1,1,1]},"o":{"x":[0.127,0.127,0.333],"y":[0,0,0]},"n":["0_1_0p127_0","0_1_0p127_0","0p667_1_0p333_0"],"t":21,"s":[180,180,100],"e":[100,100,100]},{"t":42.0000017106951}],"ix":6}},"ao":0,"shapes":[{"ty":"gr","it":[{"ind":0,"ty":"sh","ix":1,"ks":{"a":0,"k":{"i":[[0,-4.416],[-4.416,0],[0,4.416],[4.416,0]],"o":[[0,4.416],[4.416,0],[0,-4.416],[-4.416,0]],"v":[[-8,0],[0,8],[8,0],[0,-8]],"c":true},"ix":2},"nm":"Trazado 1","mn":"ADBE Vector Shape - Group","hd":false},{"ty":"fl","c":{"a":0,"k":[0.987999949736,0.172999991623,0.340999977261,1],"ix":4},"o":{"a":0,"k":100,"ix":5},"r":1,"nm":"Relleno 1","mn":"ADBE Vector Graphic - Fill","hd":false},{"ty":"tr","p":{"a":0,"k":[8.25,8.25],"ix":2},"a":{"a":0,"k":[0,0],"ix":1},"s":{"a":0,"k":[100,100],"ix":3},"r":{"a":0,"k":0,"ix":6},"o":{"a":0,"k":100,"ix":7},"sk":{"a":0,"k":0,"ix":4},"sa":{"a":0,"k":0,"ix":5},"nm":"Transformar"}],"nm":"Grupo 3","np":2,"cix":2,"ix":1,"mn":"ADBE Vector Group","hd":false}],"ip":0,"op":3597.00014650881,"st":0,"bm":0}],"markers":[]}